	variant_id	variant_type	variant_effect	coverage_depth	variant_reads	variant_percent	allele_frequency	additional_info
0	1-931393-G-T	snp	-1	4124	95	0.02	0	-1
1	1-935222-C-A	snp	-1	1134	652	0.58	0.6611108268522309	-1
2	1-1277533-T-C	snp	-1	786	786	1.0	0.997571146075144	-1
3	1-1284490-G-A	snp	-1	228	228	1.0	0.8972993695689214	-1
4	1-1571850-G-A	snp	-1	4055	94	0.02	1.1137593834228053e-05	-1
5	1-1572579-A-G	snp	-1	3456	26	0.01	0.002176891174207593	-1
6	1-1575616-T-C	snp	-1	1118	1118	1.0	0.8439840567649248	-1
7	1-1575784-C-T	snp	-1	3476	266	0.08	0.09488639514891571	-1
8	1-1577180-C-T	snp	-1	90	50	0.56	0.4883720930232558	-1
9	1-1635004-T-C	snp	-1	4076	4076	1.0	0.580487426265135	-1
10	1-1635749-C-A	snp	-1	3062	3060	1.0	0.4717202514516709	-1
11	1-1636044-G-A	snp	-1	3702	3702	1.0	0.5644204744467441	-1
12	1-1638994-C-T	snp	-1	1150	454	0.39	0.16406436362847787	-1
13	1-1647778-C-G	snp	-1	5118	626	0.12	0.5006699830829272	-1
14	1-1647814-T-C	snp	-1	5590	632	0.11	0.5011013945476829	-1
15	1-1647871-T-C	snp	-1	5146	640	0.12	0.5009609967856314	-1
16	1-1650787-T-C	snp	-1	2636	124	0.05	0.5011345379863192	-1
17	1-1650797-ATTTT-GTTTC	complex	-1	2636	74	0.03	0	-1
18	1-1650807-T-C	snp	-1	2810	2532	0.9	0.4783678541839271	-1
19	1-1650832-A-G	snp	-1	3252	378	0.12	0.5011099698485803	-1
20	1-1650845-G-A	snp	-1	2994	2618	0.87	0.4783570954907162	-1
21	1-1653004-T-C	snp	-1	2376	2376	1.0	0.8485463150777552	-1
22	1-1653028-C-T	snp	-1	2722	2722	1.0	0.8549391547304462	-1
23	1-1654129-TAAAAAAAT-TAAAAAAT	del	-1	2198	80	0.04	0	-1
24	1-2160735-T-A	snp	-1	2111	50	0.02	0	-1
25	1-2164935-G-T	snp	-1	3772	1818	0.48	0.333333	-1
26	1-2488153-A-G	snp	-1	2000	998	0.5	0.5443140622018698	-1
27	1-2489247-C-G	snp	-1	1634	41	0.03	0	-1
28	1-2985885-C-G	snp	-1	184	74	0.41	0.46004482151432685	-1
29	1-3301721-C-T	snp	-1	1332	686	0.52	0.32949792538034695	-1
30	1-3328358-T-C	snp	-1	4016	4012	1.0	0.8896844072831656	-1
31	1-3328659-C-T	snp	-1	5078	2354	0.46	0.13102869757174393	-1
32	1-3329384-C-T	snp	-1	1466	738	0.5	0.2155096660808436	-1
33	1-3350212-CTGTGTGTGTGT-CTGTGTGTGT	del	-1	1924	30	0.02	0	-1
34	1-6184092-A-G	snp	-1	1802	872	0.48	0.6570105553314508	-1
35	1-6184728-TGGGGGGGGGGGA-TGGGGGGGGGGGGA	ins	-1	116	22	0.22	0.333333	-1
36	1-6196869-A-G	snp	-1	1546	688	0.45	0.4835058535617435	-1
37	1-6209058-GTCCTCCTCCTCCT-GTCCTCCTCCT	del	-1	2504	42	0.02	0	-1
38	1-6209363-T-C	snp	-1	2378	1054	0.44	0.4011773739442027	-1
39	1-6211183-G-A	snp	-1	1530	702	0.46	0.38062269426108825	-1
40	1-6219477-TTTCTTCTTCTTCT-TTTCTTCTTCT	del	-1	4740	28	0.01	0	-1
41	1-6228297-GAAAAAG-GAAAAG	del	-1	4340	24	0.01	0	-1
42	1-6475586-TC-GA	mnp	-1	1738	492	0.28	0.333333	-1
43	1-6475604-G-A	snp	-1	1964	556	0.28	0.333333	-1
44	1-6475686-C-T	snp	-1	2030	794	0.39	0.333333	-1
45	1-6481842-A-G	snp	-1	5636	5620	1.0	1	-1
46	1-6947717-C-T	snp	-1	1448	1448	1.0	0.19085671808214086	-1
47	1-7723588-C-T	snp	-1	2690	1250	0.46	0.10783137619329222	-1
48	1-7723957-G-A	snp	-1	4658	2198	0.47	0.44495851683243437	-1
49	1-7737799-A-G	snp	-1	1508	710	0.47	0.5497776597862879	-1
50	1-7797043-G-A	snp	-1	3468	20	0.01	0	-1
51	1-7811328-CAAAAAAAAT-CAAAAAAAT	del	-1	2238	22	0.01	0	-1
52	1-9782556-C-T	snp	-1	1222	562	0.46	0.3341455329023703	-1
53	1-10292359-CATATATATATATA-CATATATATATA	del	-1	2232	70	0.03	0	-1
54	1-10318744-C-A	snp	-1	2532	32	0.01	0	-1
55	1-10363203-GA-TT	mnp	-1	2346	30	0.01	0	-1
56	1-10363209-G-T	snp	-1	2560	42	0.02	0	-1
57	1-10435441-TTTGTTGTTGTTGTTGTTGT-TTTGTTGTTGTTGTTGT	del	-1	2396	54	0.02	0	-1
58	1-11167473-T-G	snp	-1	3515	87	0.02	0	-1
59	1-11181327-C-T	snp	-1	1474	688	0.47	0.21843690682512173	-1
60	1-11187893-T-C	snp	-1	2382	2382	1.0	0.9982307974763828	-1
61	1-11190646-G-A	snp	-1	2702	1256	0.46	0.22151752386615137	-1
62	1-11190687-C-T	snp	-1	3318	18	0.01	0	-1
63	1-11205058-C-T	snp	-1	2718	1302	0.48	0.6779218425648291	-1
64	1-11259386-G-A	snp	-1	3318	80	0.02	8.237910865804433e-06	-1
65	1-11288758-G-A	snp	-1	4182	1908	0.46	0.7428863464011343	-1
66	1-11301714-A-G	snp	-1	994	516	0.52	0.7169746015525852	-1
67	1-11917340-C-T	snp	-1	1860	1860	1.0	1	-1
68	1-11917620-TAAAAAAAT-TAAAAAAAAT	ins	-1	1984	1928	0.99	1	-1
69	1-11919271-A-G	snp	-1	3830	3828	1.0	1	-1
70	1-14068537-C-T	snp	-1	3706	22	0.01	0	-1
71	1-14105094-AGAGGAGGAGGAGG-AGAGGAGGAGG	del	-1	2804	42	0.02	0	-1
72	1-14105258-CAAAAAC-CAAAAC	del	-1	5828	36	0.01	0	-1
73	1-14105605-A-G	snp	-1	4272	1896	0.44	0.0005309352756715502	-1
74	1-14106394-ACTCC-ACTCCTCC	ins	-1	4808	4734	0.99	1	-1
75	1-14107209-T-C	snp	-1	3284	18	0.01	0	-1
76	1-14107256-T-C	snp	-1	3218	28	0.01	0	-1
77	1-14107932-C-T	snp	-1	4878	2434	0.5	0.016510216266419	-1
78	1-14108559-GAAAAAAAAT-GAAAAAAAAAT	ins	-1	5598	36	0.01	0	-1
79	1-14108748-CAAAAAAAAAG-CAAAAAAAAG	del	-1	3964	106	0.03	0	-1
80	1-14143003-A-G	snp	-1	2392	2390	1.0	0.8255721983291314	-1
81	1-16237577-GTTTTTTTTG-GTTTTTTTTTG	ins	-1	2270	20	0.01	0	-1
82	1-16248740-A-T	snp	-1	1308	40	0.03	4.1823504809703055e-05	-1
83	1-16255141-GGAGAGAGAGAGAC-GGAGAGAGAGAC	del	-1	4972	72	0.01	0	-1
84	1-16258731-A-G	snp	-1	5870	32	0.01	0	-1
85	1-16262465-A-C	snp	-1	1088	70	0.06	0.09959878551290392	-1
86	1-16262471-A-C	snp	-1	1136	36	0.03	0.13443151710632414	-1
87	1-16262538-G-A	snp	-1	3532	22	0.01	5.2508138761508034e-05	-1
88	1-16464673-G-A	snp	-1	1302	650	0.5	0.37870992247794333	-1
89	1-16474995-G-A	snp	-1	2438	20	0.01	8.272940865018697e-06	-1
90	1-16475189-G-A	snp	-1	3184	1634	0.51	0.0008425156526192325	-1
91	1-17354373-GGAAGAAGAAGAAGAAGAAGAAGAAA-GGAAGAAGAAGAAGAAGAAGAAA	del	-1	1348	76	0.06	0	-1
92	1-17380497-G-T	snp	-1	1164	1164	1.0	0.9721020147559591	-1
93	1-19027239-A-G	snp	-1	2096	1000	0.48	0.3746941896024465	-1
94	1-22388891-G-C	snp	-1	4388	4388	1.0	1	-1
95	1-22459170-G-A	snp	-1	1680	1676	1.0	1	-1
96	1-22919904-C-T	snp	-1	1618	810	0.5	0.3741010214075836	-1
97	1-22922560-G-A	snp	-1	618	266	0.43	0.4666935064499354	-1
98	1-22923789-T-C	snp	-1	1248	20	0.02	0	-1
99	1-22927314-A-G	snp	-1	1968	968	0.49	0.46113176655182997	-1
100	1-22927326-T-G	snp	-1	1840	880	0.48	0.391008316008316	-1
101	1-22928265-A-G	snp	-1	774	358	0.46	0.5653832183073011	-1
102	1-23219493-T-C	snp	-1	2232	2232	1.0	0.9963419456894279	-1
103	1-23346116-CGCGGCGGCGGCGG-CGCGGCGGCGG	del	-1	344	20	0.06	0	-1
104	1-23397837-G-A	snp	-1	3079	77	0.03	0	-1
105	1-23399932-C-T	snp	-1	2724	1252	0.46	0.767616798507093	-1
106	1-23405608-C-T	snp	-1	3412	20	0.01	0	-1
107	1-23879052-CTTTTTTTTTTG-CTTTTTTTTTG	del	-1	1930	118	0.07	0	-1
108	1-23885498-T-C	snp	-1	2226	2226	1.0	0.8037019921107792	-1
109	1-23885599-T-C	snp	-1	1894	1892	1.0	0.37870008089412777	-1
110	1-23886839-GCCCCCCCCCA-GCCCCCCCCCCA	ins	-1	1942	366	0.19	0.333333	-1
111	1-23886935-T-G	snp	-1	3418	1428	0.42	0.333333	-1
112	1-23954292-C-T	snp	-1	4442	2088	0.47	0.00036776997659645604	-1
113	1-24460797-T-G	snp	-1	2800	2798	1.0	0.5715280656661968	-1
114	1-24485518-T-C	snp	-1	2070	2070	1.0	0.9983042996343905	-1
115	1-24485941-T-C	snp	-1	1796	1788	1.0	0.6601144975015718	-1
116	1-24513768-G-A	snp	-1	212	212	1.0	0.8839779005524862	-1
117	1-25234555-A-G	snp	-1	1682	86	0.05	0	-1
118	1-25291010-A-T	snp	-1	5620	2644	0.47	0.5703357967068585	-1
119	1-25291140-ATTTTTTTTTC-ATTTTTTTTC	del	-1	3040	42	0.01	0	-1
120	1-26349532-GCCTCCTCCTCCTCCTC-GCCTCCTCCTCCTC	del	-1	3438	102	0.03	0	-1
121	1-26357656-C-A	snp	-1	3594	3592	1.0	0.6742132146976437	-1
122	1-26507394-G-A	snp	-1	2122	996	0.47	0.011213089902451885	-1
123	1-26511139-G-A	snp	-1	1788	762	0.43	0.18134429564332938	-1
124	1-26514921-T-A	snp	-1	1972	1002	0.51	0.00036600541688016985	-1
125	1-26515956-C-A	snp	-1	3474	1622	0.47	0.13300695612039692	-1
126	1-27023450-AGCGGCGGCGGCGG-AGCGGCGGCGG	del	-1	3574	50	0.01	0	-1
127	1-27089757-G-A	snp	-1	3224	20	0.01	0	-1
128	1-27100181-CGCAGCAGCAGCAGCAGCAGCAGCAA-CGCAGCAGCAGCAGCAGCAGCAA	del	-1	3346	158	0.05	0	-1
129	1-27105930-TGGGGGGGA-TGGGGGGA	del	-1	4014	22	0.01	0	-1
130	1-27107263-TCCCCCCCCCG-TCCCCCCCCG	del	-1	2856	154	0.06	0	-1
131	1-27688633-G-A	snp	-1	2376	1402	0.59	0.32926768140883195	-1
132	1-36935322-TGGGGGGGC-TGGGGGGC	del	-1	2450	18	0.01	0	-1
133	1-36937059-A-G	snp	-1	1920	870	0.45	0.5648073340038583	-1
134	1-36937065-A-G	snp	-1	1988	906	0.46	0.31560552606416303	-1
135	1-36937878-C-T	snp	-1	1310	600	0.46	0.01899991721168971	-1
136	1-37948912-C-T	snp	-1	3528	1644	0.47	0.059086773099511956	-1
137	1-37949052-G-A	snp	-1	3030	1442	0.48	0.021199834505585435	-1
138	1-40363054-G-C	snp	-1	2918	2918	1.0	0.8864570454773282	-1
139	1-43771016-TAA-TA	del	-1	1464	1424	0.97	1	-1
140	1-43779564-T-C	snp	-1	1328	1328	1.0	0.6994164386271472	-1
141	1-43804340-G-A	snp	-1	4188	2058	0.49	0.025039948602210763	-1
142	1-44010737-A-T	snp	-1	1400	35	0.03	0	-1
143	1-44071037-G-A	snp	-1	2094	20	0.01	0.00011580201164637374	-1
144	1-44071296-A-G	snp	-1	1054	556	0.53	0.00046662000466620004	-1
145	1-44400532-T-A	snp	-1	1358	604	0.44	0.333333	-1
146	1-44401384-A-G	snp	-1	1936	980	0.51	0.8847669299162284	-1
147	1-44403489-G-T	snp	-1	2944	1292	0.44	0.333333	-1
148	1-45294261-C-T	snp	-1	1494	20	0.01	0.0001596792221847666	-1
149	1-45796269-G-C	snp	-1	2316	2314	1.0	0.9244635906199563	-1
150	1-45797505-C-G	snp	-1	3140	1516	0.48	0.29667810964704916	-1
151	1-45798458-G-A	snp	-1	5086	26	0.01	8.237910865804433e-06	-1
152	1-45798555-T-C	snp	-1	3926	3924	1.0	0.9255142066055771	-1
153	1-46476587-T-G	snp	-1	3020	3018	1.0	0.7924476706607667	-1
154	1-46493460-T-G	snp	-1	3496	3492	1.0	0.4611836220889787	-1
155	1-46494558-CTTTTTTTG-CTTTTTTG	del	-1	3340	18	0.01	0	-1
156	1-46496709-A-G	snp	-1	1976	1974	1.0	0.6907718793875777	-1
157	1-46498353-G-A	snp	-1	2358	18	0.01	0	-1
158	1-46498375-A-G	snp	-1	1950	1948	1.0	0.6970863339127555	-1
159	1-46499526-A-G	snp	-1	3846	1762	0.46	0.05376094454762537	-1
160	1-46500251-G-A	snp	-1	3538	1700	0.48	0.05531151498893434	-1
161	1-46500993-A-G	snp	-1	4076	2012	0.49	0.07451531995661605	-1
162	1-46521517-G-A	snp	-1	2866	2864	1.0	0.681040750900618	-1
163	1-46521559-A-T	snp	-1	3044	3040	1.0	0.6940080771449765	-1
164	1-46527752-GAG-AAA	complex	-1	1916	28	0.01	0	-1
165	1-46527760-G-A	snp	-1	1800	20	0.01	8.441098018030185e-06	-1
166	1-47682017-TAC-GAG	complex	-1	3522	1444	0.41	0.333333	-1
167	1-47682037-GTTTTTTTTG-GTTTTTTTTTG	ins	-1	3116	18	0.01	0	-1
168	1-47685455-T-C	snp	-1	1238	1236	1.0	0.9999914065722535	-1
169	1-47685575-T-C	snp	-1	878	26	0.03	0.0035141329258976317	-1
170	1-47691568-GCAGACAGACAGAC-GCAGACAGAC	del	-1	308	100	0.32	0.333333	-1
171	1-47693377-T-C	snp	-1	3770	1750	0.46	0.333333	-1
172	1-47799639-G-C	snp	-1	480	274	0.57	0.5646877348415932	-1
173	1-47803739-A-G	snp	-1	2594	1194	0.46	0.333333	-1
174	1-47842431-G-A	snp	-1	1826	1826	1.0	0.9847291127556823	-1
175	1-51437260-ATTTTTTTTC-ATTTTTTTTTC	ins	-1	2144	24	0.01	0	-1
176	1-54060016-G-C	snp	-1	1872	906	0.48	0.28932440345483823	-1
177	1-54060248-T-C	snp	-1	2334	1180	0.51	0.28527542559371866	-1
178	1-55505552-ACTGCTGCTGCTGCTGCTGCTGC-ACTGCTGCTGCTGCTGCTGC	del	-1	682	18	0.03	0	-1
179	1-55505651-C-T	snp	-1	1018	498	0.49	0.02070630081300813	-1
180	1-55505732-A-G	snp	-1	768	768	1.0	0.9369895427829936	-1
181	1-55523033-A-G	snp	-1	2654	2654	1.0	0.9945443457335466	-1
182	1-55524197-A-G	snp	-1	1132	1132	1.0	0.8543970076949694	-1
183	1-55524237-G-A	snp	-1	1392	1392	1.0	0.8544352844187963	-1
184	1-55529187-G-A	snp	-1	1196	1196	1.0	0.9432842000662471	-1
185	1-59246115-T-G	snp	-1	3338	1594	0.48	0.333333	-1
186	1-59247928-CTTTTTC-CTTTTC	del	-1	3804	26	0.01	0	-1
187	1-59248123-GGCTGCTGCTGCTGCTG-GGCTGCTGCTGCTG	del	-1	846	34	0.04	0	-1
188	1-59248813-G-C	snp	-1	3956	3956	1.0	1	-1
189	1-59249031-T-G	snp	-1	1436	1436	1.0	1	-1
190	1-59250418-C-G	snp	-1	1760	762	0.43	0.333333	-1
191	1-59250452-A-G	snp	-1	2008	914	0.46	0.333333	-1
192	1-59252162-T-C	snp	-1	2608	2608	1.0	1	-1
193	1-60366750-G-A	snp	-1	3462	24	0.01	6.594022518586901e-05	-1
194	1-61543222-CAAAAAAAAG-CAAAAAAAG	del	-1	4096	100	0.02	0	-1
195	1-61553801-C-G	snp	-1	1812	876	0.49	0.1700112561117169	-1
196	1-61872215-GCCCCCCCCCCCCCCA-GCCCCCCCCCCCCCA	del	-1	372	96	0.38	0	-1
197	1-64515379-C-T	snp	-1	2034	2034	1.0	0.8384245300116983	-1
198	1-64608329-G-T	snp	-1	3282	3282	1.0	1.0	-1
199	1-64624842-A-G	snp	-1	4066	2022	0.5	0.3591816219244904	-1
200	1-65306996-GTTTTTTTTC-GTTTTTTTTTC	ins	-1	4104	52	0.01	0	-1
201	1-65307227-C-T	snp	-1	3478	22	0.01	0	-1
202	1-65310489-T-C	snp	-1	3162	1528	0.48	0.2935362539766702	-1
203	1-65321388-G-A	snp	-1	2516	1216	0.48	0.3573643939264839	-1
204	1-65325970-C-T	snp	-1	2784	1420	0.51	0.3567521277897202	-1
205	1-65339110-CTTTTTTTTC-CTTTTTTTC	del	-1	3306	20	0.01	0	-1
206	1-66036501-G-T	snp	-1	2374	2372	1.0	0.999909403877514	-1
207	1-66058440-C-T	snp	-1	4052	22	0.01	8.250688932525866e-06	-1
208	1-66067396-T-C	snp	-1	1986	936	0.47	0.035661832976011616	-1
209	1-66088677-ATTTTTTTTA-ATTTTTTTA	del	-1	3278	42	0.01	0	-1
210	1-67633812-G-T	snp	-1	1864	1862	1.0	0.5285029170374765	-1
211	1-67685387-T-C	snp	-1	3782	3782	1.0	0.8776381040249106	-1
212	1-67705958-G-A	snp	-1	2384	1138	0.48	0.042211722769613616	-1
213	1-67795319-T-C	snp	-1	3130	3128	1.0	0.9317485420579223	-1
214	1-67845648-CTTCCTT-CT	del	-1	1936	824	0.43	0.333333	-1
215	1-67861371-GAAAAAG-GAAAAG	del	-1	4746	34	0.01	0	-1
216	1-67861520-C-A	snp	-1	4588	2306	0.5	0.6306857538674671	-1
217	1-68513484-C-T	snp	-1	2054	1026	0.5	0.333333	-1
218	1-68516435-T-C	snp	-1	1140	572	0.5	0.666667	-1
219	1-68532775-T-C	snp	-1	5530	2440	0.44	0.333333	-1
220	1-76262859-GAGCAGCAGCAGCAGCAGCC-GAGCAGCAGCAGCAGCC	del	-1	1230	20	0.02	0	-1
221	1-76269460-G-A	snp	-1	3562	3556	1.0	0.26344638858943525	-1
222	1-76313962-G-A	snp	-1	1934	45	0.02	0	-1
223	1-76344011-C-A	snp	-1	1554	1554	1.0	0.7966632341217114	-1
224	1-76344711-A-T	snp	-1	2500	2500	1.0	0.7962733637144178	-1
225	1-76346920-CG-CATG	ins	-1	1314	1312	1.0	1	-1
226	1-78414329-G-A	snp	-1	866	24	0.03	0	-1
227	1-78432647-GAAAAAAAAAAAT-GAAAAAAAAAAT	del	-1	1948	98	0.06	0	-1
228	1-78435701-TAAAAAAAAAAAAG-TAAAAAAAAAAAG	del	-1	1292	206	0.19	0.333333	-1
229	1-82302600-T-C	snp	-1	2338	1092	0.47	0.333333	-1
230	1-82421596-C-T	snp	-1	3138	3130	1.0	0.9978971847014002	-1
231	1-84640691-T-G	snp	-1	1382	1382	1.0	0.9778277872057847	-1
232	1-84641416-CTTTTTTTTTTC-CTTTTTTTTTC	del	-1	1416	56	0.04	0	-1
233	1-85732065-A-G	snp	-1	2746	1254	0.46	0.333333	-1
234	1-85736457-T-C	snp	-1	6140	34	0.01	0	-1
235	1-85736510-ATTTTTTTTG-ATTTTTTTG	del	-1	5152	118	0.02	0	-1
236	1-85741734-A-T	snp	-1	3338	1568	0.47	0.333333	-1
237	1-85741968-G-C	snp	-1	1256	570	0.45	0.0927812811151676	-1
238	1-85742023-C-A	snp	-1	1090	518	0.48	0.02907865019263983	-1
239	1-85742157-G-C	snp	-1	858	398	0.46	0.333333	-1
240	1-85746754-T-C	snp	-1	5542	5538	1.0	1	-1
241	1-89449390-T-C	snp	-1	6320	326	0.05	0.36072404826988463	-1
242	1-89449399-T-C	snp	-1	6500	326	0.05	0.3620386937110178	-1
243	1-89449508-ATTTTTTTTTTTG-ATTTTTTTTTTG	del	-1	2976	378	0.14	0.333333	-1
244	1-92428495-C-A	snp	-1	4758	4758	1.0	0.8763401660397369	-1
245	1-92447227-GAGCAGCAGCAGCAGCAGCAGCT-GAGCAGCAGCAGCAGCAGCT	del	-1	2352	80	0.03	0	-1
246	1-92457843-C-T	snp	-1	1172	1172	1.0	0.8166489621798438	-1
247	1-92467716-ATTTTTTTTTTC-ATTTTTTTTTC	del	-1	1126	28	0.03	0	-1
248	1-92944314-CAGAGAGAGAGAGAGAGAGAGAGAGAGAGAGAGAGAGA-CAGAGAGAGAGAGAGAGAGAGAGAGAGAGAGAGAGAGAGAGAGA	ins	-1	1476	546	0.72	1	-1
249	1-92946479-G-A	snp	-1	898	896	1.0	0.8883375563063063	-1
250	1-93297614-G-T	snp	-1	658	322	0.49	0.333333	-1
251	1-98348885-G-A	snp	-1	3320	3320	1.0	0.765171656455901	-1
252	1-100818464-T-C	snp	-1	1932	1932	1.0	0.9784865365224722	-1
253	1-100819424-GTTTTTTTTTC-GTTTTTTTTTTC	ins	-1	2012	86	0.04	0	-1
254	1-100843084-G-T	snp	-1	1788	24	0.01	0	-1
255	1-100843090-CTTG-TTTT	complex	-1	1888	18	0.01	0	-1
256	1-100889836-ACCCCCCCT-ACCCCCCCCT	ins	-1	4010	24	0.01	0	-1
257	1-100921053-GTTTTTTTTTC-GTTTTTTTTTTC	ins	-1	2414	44	0.02	0	-1
258	1-100949860-G-A	snp	-1	3718	1742	0.47	0.16761550251806437	-1
259	1-107596443-A-G	snp	-1	3620	3620	1.0	1	-1
260	1-107597961-T-C	snp	-1	2978	1406	0.47	0.333333	-1
261	1-107597988-C-T	snp	-1	2954	2950	1.0	1	-1
262	1-107600869-G-A	snp	-1	4318	2432	0.56	0.666667	-1
263	1-107605611-G-T	snp	-1	2886	2884	1.0	1	-1
264	1-108160260-GAAAAAAAAAAAAT-GAAAAAAAAAAAT	del	-1	1412	610	0.51	0.333333	-1
265	1-108307727-T-A	snp	-1	1730	760	0.44	0.5883047210300429	-1
266	1-108313258-C-T	snp	-1	2240	2234	1.0	0.7278582266789814	-1
267	1-108319938-C-A	snp	-1	1770	20	0.01	1.668696914579405e-05	-1
268	1-110456866-C-A	snp	-1	1096	502	0.46	0.22890913779764463	-1
269	1-110458234-G-A	snp	-1	1988	952	0.48	0.18300583561372852	-1
270	1-110466338-C-A	snp	-1	4706	2224	0.47	0.5573160832905395	-1
271	1-110466466-T-C	snp	-1	3746	1750	0.47	0.38154208318827604	-1
272	1-110466709-T-C	snp	-1	2736	2736	1.0	0.9991172345516046	-1
273	1-110466810-C-A	snp	-1	2156	1010	0.47	0.23368898812247213	-1
274	1-110467745-A-G	snp	-1	1658	1656	1.0	0.9991186742224565	-1
275	1-110882444-A-G	snp	-1	2092	1052	0.5	0.7613084854660702	-1
276	1-110883569-A-T	snp	-1	4892	2498	0.51	0.19598337950138503	-1
277	1-110888136-ATTTTTTTTTC-ATTTTTTTTC	del	-1	2098	30	0.01	0	-1
278	1-110888907-CTTTTTTTC-CTTTTTTC	del	-1	3456	50	0.01	0	-1
279	1-113059035-G-A	snp	-1	3482	28	0.01	8.521081154776918e-06	-1
280	1-113063125-A-G	snp	-1	3642	3642	1.0	0.47524367788908223	-1
281	1-114940632-CAAAAAAAAAAAAG-CAAAAAAAAAAAG	del	-1	1066	760	0.83	0.666667	-1
282	1-114948281-A-G	snp	-1	3954	3952	1.0	0.8921327951231568	-1
283	1-114968115-GTGTTGTTGTTGTTGTA-GTGTTGTTGTTGTA	del	-1	6824	40	0.01	0	-1
284	1-115251292-TG-AA	mnp	-1	2632	22	0.01	0	-1
285	1-115257521-C-T	snp	-1	4008	4008	1.0	1	-1
286	1-115826112-G-A	snp	-1	1952	878	0.45	0.333333	-1
287	1-115826155-T-A	snp	-1	1998	1996	1.0	1	-1
288	1-115828720-GCACACACACACAG-GCACACACACAG	del	-1	2496	24	0.01	0	-1
289	1-115829313-G-A	snp	-1	3104	1566	0.5	0.36557163578822444	-1
290	1-115834522-C-G	snp	-1	2644	2642	1.0	1	-1
291	1-115837709-A-G	snp	-1	3332	3326	1.0	1	-1
292	1-117690272-G-A	snp	-1	1472	1472	1.0	0.8725021039256778	-1
293	1-118168234-CTTTTTTTTC-CTTTTTTTC	del	-1	4454	38	0.01	0	-1
294	1-120051446-G-A	snp	-1	3762	3760	1.0	1	-1
295	1-120057158-C-T	snp	-1	3536	3534	1.0	0.438845183316016	-1
296	1-120059500-G-A	snp	-1	3228	3222	1.0	1	-1
297	1-120285546-G-A	snp	-1	1394	1388	1.0	0.6924060237188051	-1
298	1-120460318-ATTTTTC-ATTTTC	del	-1	3074	18	0.01	0	-1
299	1-120510195-G-A	snp	-1	3568	18	0.01	2.4721878862793572e-05	-1
300	1-120572547-T-C	snp	-1	1480	510	0.34	0.47360248447204967	-1
301	1-120572572-C-T	snp	-1	1632	568	0.35	0.46991860327946205	-1
302	1-120611964-G-C	snp	-1	228	58	0.25	0.44931652582348103	-1
303	1-120612006-G-A	snp	-1	230	126	0.55	0.4637562121810734	-1
304	1-121115326-G-A	snp	-1	8834	2898	0.33	0.333333	-1
305	1-121115402-A-G	snp	-1	4164	1326	0.32	0.333333	-1
306	1-121115981-C-T	snp	-1	582	182	0.31	0.09234272946029563	-1
307	1-121124501-C-A	snp	-1	6478	1518	0.23	0.333333	-1
308	1-121124514-G-A	snp	-1	6146	1346	0.22	0.333333	-1
309	1-121125258-T-C	snp	-1	4642	1746	0.38	0.333333	-1
310	1-121125282-G-A	snp	-1	5560	2452	0.44	0.333333	-1
311	1-145273302-A-G	snp	-1	22944	4960	0.22	0.38878855739362855	-1
312	1-145273345-T-C	snp	-1	26218	5416	0.21	0.4175910286102356	-1
313	1-145273431-A-G	snp	-1	21492	6014	0.28	0.2576715191075653	-1
314	1-145273473-T-C	snp	-1	16046	3870	0.24	0.4300491946896691	-1
315	1-145281361-TCC-TC	del	-1	15122	708	0.05	0	-1
316	1-145281408-C-T	snp	-1	19782	3536	0.18	0.4144443664689989	-1
317	1-145281543-C-T	snp	-1	17272	4760	0.28	0.4807856532877882	-1
318	1-145281613-C-A	snp	-1	12878	2068	0.16	0.41481468818380746	-1
319	1-145281633-C-A	snp	-1	11934	1836	0.15	0.4052824249888809	-1
320	1-145281656-A-T	snp	-1	10968	1574	0.14	0.3048789328693635	-1
321	1-146501300-C-T	snp	-1	3206	1368	0.43	0.333333	-1
322	1-146501334-T-C	snp	-1	2822	1552	0.55	0.666667	-1
323	1-146501348-C-T	snp	-1	2616	1052	0.4	0.333333	-1
324	1-146504890-C-T	snp	-1	1078	22	0.02	0	-1
325	1-146504929-C-T	snp	-1	1566	270	0.17	0.333333	-1
326	1-146504960-C-T	snp	-1	1914	458	0.24	0.333333	-1
327	1-146512805-A-G	snp	-1	2464	2464	1.0	1	-1
328	1-146512899-G-A	snp	-1	3654	3650	1.0	1	-1
329	1-146522606-T-C	snp	-1	2342	1044	0.45	0.333333	-1
330	1-146522686-C-T	snp	-1	2928	1160	0.4	0.333333	-1
331	1-146522722-T-C	snp	-1	2854	1138	0.4	0.333333	-1
332	1-146527270-CG-CAA	complex	-1	1024	188	0.23	0.333333	-1
333	1-146714281-C-G	snp	-1	56	56	1.0	1	-1
334	1-146714392-G-C	snp	-1	230	230	1.0	0.5615973482755899	-1
335	1-146728149-A-G	snp	-1	1636	680	0.42	0.2916500956385054	-1
336	1-146728162-TAC-TAAC	ins	-1	1734	1734	1.0	1	-1
337	1-146737572-ATTTTTTTTTC-ATTTTTTTTTTC	ins	-1	1218	64	0.05	0	-1
338	1-146739190-CTT-CT	del	-1	3254	26	0.01	0	-1
339	1-146747153-T-C	snp	-1	1290	1288	1.0	0.8079331251755298	-1
340	1-146751782-A-C	snp	-1	2024	2024	1.0	0.9658010512613489	-1
341	1-146766069-CG-CATG	ins	-1	2184	2182	1.0	1	-1
342	1-146767149-G-T	snp	-1	1358	1358	1.0	0.966596319989448	-1
343	1-147084715-T-C	snp	-1	4466	26	0.01	0	-1
344	1-147091500-ACCCCCCCCT-ACCCCCCCT	del	-1	4004	92	0.02	0	-1
345	1-147092680-TCCCCCCCT-TCCCCCCT	del	-1	5982	36	0.01	0	-1
346	1-150237624-G-A	snp	-1	5382	2724	0.51	0.666667	-1
347	1-150551327-G-A	snp	-1	4272	2116	0.5	0.008489078280709996	-1
348	1-150551491-GTCCTCCTCCTCCT-GTCCTCCTCCT	del	-1	4578	66	0.01	0	-1
349	1-150552013-TCGCCGCCGCCGCC-TCGCCGCCGCC	del	-1	2310	18	0.01	0	-1
350	1-150722844-A-G	snp	-1	4396	2046	0.47	0.333333	-1
351	1-150727539-G-A	snp	-1	3902	1836	0.47	0.37655806898371036	-1
352	1-150737090-C-T	snp	-1	3190	1478	0.46	0.008374270548283934	-1
353	1-150789943-GAAAAAAAAAT-GAAAAAAAAAAT	ins	-1	1640	22	0.01	0	-1
354	1-150799112-A-C	snp	-1	1540	684	0.44	0.0958276826225995	-1
355	1-150804401-GAAAAAAAAAAAAAAAAT-GAAAAAAAAAAAAAAAT	del	-1	544	90	0.24	0	-1
356	1-150808889-C-G	snp	-1	4328	2174	0.5	0.4092835035336566	-1
357	1-150849071-ACCCCCCCCCCCA-ACCCCCCCCCCA	del	-1	286	134	0.66	0.333333	-1
358	1-150912422-C-T	snp	-1	2276	28	0.01	0	-1
359	1-150917623-TGGGGGGGGA-TGGGGGGGA	del	-1	3122	34	0.01	0	-1
360	1-151028929-C-T	snp	-1	4476	4476	1.0	1	-1
361	1-151031476-T-A	snp	-1	4378	4378	1.0	1	-1
362	1-151040435-G-A	snp	-1	4286	4284	1.0	1	-1
363	1-151040475-CTTTTTTTTG-CTTTTTTTG	del	-1	3932	38	0.01	0	-1
364	1-151040501-CTTTTTTTTC-CTTTTTTTTTC	ins	-1	3510	24	0.01	0	-1
365	1-151239051-T-C	snp	-1	4242	2048	0.48	0.6640284430889593	-1
366	1-151372131-G-A	snp	-1	2862	18	0.01	8.307717869901138e-06	-1
367	1-151372138-G-A	snp	-1	2680	2674	1.0	0.6746050089977051	-1
368	1-152276149-C-T	snp	-1	11326	5288	0.47	0.22878800362527807	-1
369	1-152276282-C-G	snp	-1	9234	588	0.06	0.005977881837202352	-1
370	1-152276459-C-T	snp	-1	8948	2374	0.27	0.19475225110214642	-1
371	1-152276583-C-G	snp	-1	1142	654	0.57	0.08765232211333618	-1
372	1-152276598-G-A	snp	-1	250	250	1.0	0.03335223952425149	-1
373	1-152276626-G-C	snp	-1	442	440	1.0	0.052329768463505094	-1
374	1-152276671-C-T	snp	-1	938	30	0.03	0.19500963260891607	-1
375	1-152276699-A-G	snp	-1	1942	892	0.46	0.19284865804741164	-1
376	1-152276761-TT-CA	mnp	-1	3630	38	0.01	0	-1
377	1-152276772-C-A	snp	-1	3786	3756	0.99	0.23433943592281048	-1
378	1-152276871-A-G	snp	-1	3872	3858	1.0	0.2778831406566948	-1
379	1-152276889-A-G	snp	-1	4036	4034	1.0	0.3007289399036876	-1
380	1-152277055-C-G	snp	-1	3710	3564	0.96	0.2987298969072165	-1
381	1-152277168-A-G	snp	-1	4326	4324	1.0	0.289561751648056	-1
382	1-152277345-C-T	snp	-1	8874	4032	0.45	0.22931705066086555	-1
383	1-152277396-T-C	snp	-1	8304	8302	1.0	0.26111605524242726	-1
384	1-152277554-G-A	snp	-1	9118	4166	0.46	0.023254089853210102	-1
385	1-152277717-C-A	snp	-1	5674	5668	1.0	0.29919059707889617	-1
386	1-152277822-TGACA-CGACC	complex	-1	1528	1524	1.0	1	-1
387	1-152278049-A-C	snp	-1	48	48	1.0	0.020388386052725666	-1
388	1-152278555-T-C	snp	-1	10678	4964	0.46	0.2147493908806126	-1
389	1-152278689-C-A	snp	-1	20782	20780	1.0	0.2691870475935739	-1
390	1-152278814-C-T	snp	-1	26608	6002	0.23	0.11148978685612788	-1
391	1-152278856-T-G	snp	-1	24080	3942	0.16	0.1893304571475981	-1
392	1-152279019-G-A	snp	-1	26760	4382	0.16	0.1823141208463222	-1
393	1-152279729-C-T	snp	-1	9640	9632	1.0	0.297376622091777	-1
394	1-152279841-G-C	snp	-1	8384	8382	1.0	0.2943086482833644	-1
395	1-152279920-A-G	snp	-1	8394	8380	1.0	0.2608308752039286	-1
396	1-152279964-C-T	snp	-1	9272	4294	0.46	0.02308744069583553	-1
397	1-152280032-T-C	snp	-1	9702	9700	1.0	0.2607807273386393	-1
398	1-152280170-C-G	snp	-1	5972	5844	0.98	0.25852911978821974	-1
399	1-152280347-C-T	snp	-1	3354	2392	0.71	0.1511655328798186	-1
400	1-152280471-C-G	snp	-1	12682	4156	0.33	0.2085668468647192	-1
401	1-152280559-T-C	snp	-1	10370	126	0.01	0.0053318624747196175	-1
402	1-152280759-A-G	snp	-1	9108	64	0.01	0.24160176874340022	-1
403	1-152280782-A-G	snp	-1	8326	8320	1.0	0.3176488051061303	-1
404	1-152280788-T-G	snp	-1	8538	3992	0.47	0.23709198813056379	-1
405	1-152280864-A-G	snp	-1	9774	9764	1.0	0.2945807366373199	-1
406	1-152280900-T-G	snp	-1	11950	2064	0.17	0.23662310696570704	-1
407	1-152280972-T-C	snp	-1	11856	150	0.01	0.0010290842836898576	-1
408	1-152281007-AA-GG	mnp	-1	10626	1082	0.1	0.333333	-1
409	1-152281039-G-A	snp	-1	11808	2084	0.18	0.22076563066477703	-1
410	1-152281228-C-G	snp	-1	13066	3468	0.27	0.21892832404261636	-1
411	1-152281290-A-G	snp	-1	11826	2442	0.21	0.22052085050271963	-1
412	1-152281304-A-C	snp	-1	11810	2504	0.21	0.21860783279488363	-1
413	1-152281317-G-T	snp	-1	12018	4096	0.34	0.023096057855460192	-1
414	1-152281479-G-T	snp	-1	11414	11408	1.0	0.31729754682141914	-1
415	1-152281523-A-C	snp	-1	11006	1064	0.1	0.2197363427873748	-1
416	1-152281534-A-T	snp	-1	10950	784	0.07	0.21569210930913058	-1
417	1-152281690-C-T	snp	-1	9558	4582	0.48	0.2286328659229844	-1
418	1-152281691-G-A	snp	-1	9640	4728	0.49	0.023194135573675972	-1
419	1-152281745-G-T	snp	-1	8852	4200	0.47	0.023185517082331235	-1
420	1-152281907-ACCCT-GCCCC	complex	-1	10104	210	0.02	0	-1
421	1-152281948-G-A	snp	-1	12420	4972	0.4	0.22878800362527807	-1
422	1-152282092-T-C	snp	-1	10746	576	0.05	4.943398091848337e-05	-1
423	1-152282267-G-A	snp	-1	8012	3466	0.43	0.22882026267653213	-1
424	1-152282311-C-T	snp	-1	7488	3148	0.42	0.23204133089434914	-1
425	1-152282794-G-A	snp	-1	9616	4640	0.48	0.023169044246038283	-1
426	1-152282910-G-C	snp	-1	8950	4168	0.47	0.023112531505856383	-1
427	1-152282917-G-T	snp	-1	8896	4420	0.5	0.22873549960453468	-1
428	1-152282952-A-G	snp	-1	9054	4172	0.46	0.02315371563184686	-1
429	1-152283283-C-T	snp	-1	8510	4036	0.47	0.2289342276570148	-1
430	1-152283862-G-C	snp	-1	9486	9366	0.99	0.30400390948547196	-1
431	1-152283975-A-G	snp	-1	9808	9806	1.0	0.29426692813473293	-1
432	1-152284424-G-C	snp	-1	10464	4964	0.47	0.025442991770639765	-1
433	1-152284854-A-G	snp	-1	7852	7848	1.0	0.29782658845241233	-1
434	1-152284996-C-T	snp	-1	9246	3940	0.43	0.0013590313812700766	-1
435	1-152285099-C-T	snp	-1	8678	8678	1.0	0.25587450153247865	-1
436	1-152285181-G-T	snp	-1	9826	4488	0.46	0.023161952457044957	-1
437	1-152285930-G-A	snp	-1	9246	9234	1.0	0.26125650998747446	-1
438	1-152286002-T-C	snp	-1	8344	8332	1.0	0.29491679024551	-1
439	1-152286032-C-T	snp	-1	8610	3680	0.43	0.22867782757711574	-1
440	1-152286204-G-T	snp	-1	7912	3868	0.49	0.00959558520714933	-1
441	1-152286254-C-T	snp	-1	8464	44	0.01	1.6472836292952922e-05	-1
442	1-152286367-C-A	snp	-1	8126	8124	1.0	0.2602721671224752	-1
443	1-152286884-CTTTTTTTTC-CTTTTTTTTTC	ins	-1	5280	32	0.01	0	-1
444	1-153660514-ACCCCCCCA-ACCCCCCA	del	-1	1352	1350	1.0	1	-1
445	1-153661596-ACCCCCCCCA-ACCCCCCCA	del	-1	2098	28	0.01	0	-1
446	1-153665919-TCC-TCCC	ins	-1	1792	1706	0.95	1	-1
447	1-153920564-A-G	snp	-1	2028	1016	0.5	0.3220556272498811	-1
448	1-153925264-C-A	snp	-1	4954	2290	0.46	0.0022485421539880737	-1
449	1-153926078-T-C	snp	-1	2174	1032	0.47	0.32316018050419026	-1
450	1-153941514-C-T	snp	-1	3208	1712	0.53	0.30764033092718945	-1
451	1-153941567-C-G	snp	-1	3378	1498	0.44	0.0030758320414289012	-1
452	1-154245863-GGAAGAAGAAGAAGAAG-GGAAGAAGAAGAAG	del	-1	2752	70	0.03	0	-1
453	1-154378156-A-G	snp	-1	406	158	0.39	0.004992169146436962	-1
454	1-154426970-A-C	snp	-1	1472	674	0.46	0.37561749876924644	-1
455	1-154437896-T-C	snp	-1	2634	2634	1.0	0.7975410111604141	-1
456	1-154938889-ACCCCCCCCA-ACCCCCCCA	del	-1	2522	20	0.01	0	-1
457	1-154942773-C-T	snp	-1	2284	20	0.01	2.623019620186759e-05	-1
458	1-154987526-C-T	snp	-1	2158	1008	0.47	0.5274676752865902	-1
459	1-154988957-A-G	snp	-1	4488	2192	0.49	0.6192310235387464	-1
460	1-155307999-GTTTTTTTTTC-GTTTTTTTTC	del	-1	5080	56	0.01	0	-1
461	1-155330237-ATTTTTTTTTTTTTTTG-ATTTTTTTTTTTTTTG	del	-1	1304	214	0.22	0	-1
462	1-155340778-GAAAAAAAAG-GAAAAAAAAAG	ins	-1	2236	22	0.01	0	-1
463	1-155408635-T-C	snp	-1	5178	5174	1.0	0.9868791697553744	-1
464	1-155450526-CTTTTTTTTA-CTTTTTTTTTA	ins	-1	5324	94	0.02	0	-1
465	1-155870355-CAAAAAAG-CAAAAAG	del	-1	4624	26	0.01	0	-1
466	1-155870416-G-A	snp	-1	3698	1736	0.47	0.877187922339058	-1
467	1-155880573-C-G	snp	-1	6858	3230	0.47	0.877454617401197	-1
468	1-156030820-C-A	snp	-1	2548	1146	0.45	0.333333	-1
469	1-156040310-A-G	snp	-1	5996	2786	0.47	0.333333	-1
470	1-156275281-G-A	snp	-1	4584	2098	0.46	0.333333	-1
471	1-156278191-ATTTTTTTTC-ATTTTTTTTTC	ins	-1	2664	32	0.01	0	-1
472	1-156499969-T-C	snp	-1	2056	862	0.42	0.4575515371388621	-1
473	1-156500128-T-C	snp	-1	1874	736	0.39	0.3135635091602601	-1
474	1-156505061-C-T	snp	-1	1682	840	0.5	0.2725922531147096	-1
475	1-156518379-G-A	snp	-1	2656	1284	0.48	0.34024693026162445	-1
476	1-156518556-G-A	snp	-1	1678	850	0.51	0.006310381415089071	-1
477	1-156524221-G-T	snp	-1	816	442	0.54	0.3605084806540682	-1
478	1-156526387-C-G	snp	-1	1048	518	0.49	0.5376353880295452	-1
479	1-156526444-T-C	snp	-1	942	942	1.0	0.987843788948899	-1
480	1-156531796-GAAAAAAAAT-GAAAAAAAT	del	-1	2374	28	0.01	0	-1
481	1-156532344-T-G	snp	-1	3030	1480	0.49	0.6430302530706454	-1
482	1-156532908-C-A	snp	-1	1536	762	0.5	0.6481529476812495	-1
483	1-156532977-T-C	snp	-1	1838	1838	1.0	0.9877686686571103	-1
484	1-156536221-G-C	snp	-1	2104	2104	1.0	0.9877859827256544	-1
485	1-156536251-T-C	snp	-1	2712	2708	1.0	0.9877833649328167	-1
486	1-156536353-A-G	snp	-1	2254	2254	1.0	0.9878876049546929	-1
487	1-156539154-T-C	snp	-1	682	682	1.0	0.9953646264130135	-1
488	1-156713512-C-T	snp	-1	3072	3070	1.0	0.9895850284784378	-1
489	1-156713558-G-A	snp	-1	3646	3638	1.0	0.2854040270816847	-1
490	1-156715103-GAAAAAAAAG-GAAAAAAAAAG	ins	-1	3312	36	0.01	0	-1
491	1-156752048-C-G	snp	-1	2672	2668	1.0	0.671740530897438	-1
492	1-156761535-TCCCCCCCCA-TCCCCCCCCCA	ins	-1	1972	24	0.01	0	-1
493	1-156785617-G-A	snp	-1	1888	1888	1.0	0.6674086899167285	-1
494	1-156810756-GCCCCCCG-GCCCCCG	del	-1	2342	26	0.01	0	-1
495	1-156845492-AGTGTGTGTGTGTGTGTGTGTGTGTGTGTGTGTGTGTA-AGTGTGTGTGTGTGTGTGTGTGTGTGTGTGTGTGTGTGTGTA	ins	-1	684	238	0.82	1	-1
496	1-156848995-C-T	snp	-1	1802	856	0.48	0.5723615072811891	-1
497	1-156863532-T-C	snp	-1	1598	1596	1.0	1	-1
498	1-156863617-G-T	snp	-1	1544	1544	1.0	1	-1
499	1-156875097-G-A	snp	-1	730	284	0.39	0.6444429505386464	-1
